[{"id":"user-file-TypoGraphica_demo.otf","fileName":"TypoGraphica_demo.otf","name":"TypoGraphica_demo","publicUrl":"https://assets.nicepagecdn.com/699b151d/6397581/fonts/TypoGraphica_demo.otf","size":33632},{"id":"user-file-Nexa-Heavy.ttf","fileName":"Nexa-Heavy.ttf","name":"Nexa-Heavy","publicUrl":"https://assets.nicepagecdn.com/699b151d/6397581/fonts/Nexa-Heavy.ttf","size":152248},{"id":"user-file-HeadingNowTrial-56Bold.ttf","fileName":"HeadingNowTrial-56Bold.ttf","name":"HeadingNowTrial-56Bold","publicUrl":"https://assets.nicepagecdn.com/699b151d/6397581/fonts/HeadingNowTrial-56Bold.ttf","size":232328}]