[{"id":"user-image-3524388.png","fileName":"3524388.png","name":"3524388","publicUrl":"https://assets.nicepagecdn.com/699b151d/6397581/images/3524388.png","size":1117,"hash":"iIU23aNpoj8o+3Mo5jigu7cy+pM=","width":128,"height":128,"folderId":null,"thumbnail":{"url":"https://assets.nicepagecdn.com/699b151d/6397581/images/3524388.png","width":128,"height":128},"usages":["895027001"]},{"id":"user-image-7788603.png","fileName":"7788603.png","name":"7788603","publicUrl":"https://assets.nicepagecdn.com/699b151d/6397581/images/7788603.png","size":1113,"hash":"DuUi6Uij++nzpWaiGwkNNWziXQ0=","width":128,"height":128,"folderId":null,"thumbnail":{"url":"https://assets.nicepagecdn.com/699b151d/6397581/images/7788603.png","width":128,"height":128},"usages":["67958163"]},{"id":"user-image-6718401.png","fileName":"6718401.png","name":"6718401","publicUrl":"https://assets.nicepagecdn.com/699b151d/6397581/images/6718401.png","size":3008,"hash":"9SrBu09SYESPen9nCYce4cosMRI=","width":128,"height":128,"folderId":null,"thumbnail":{"url":"https://assets.nicepagecdn.com/699b151d/6397581/images/6718401.png","width":128,"height":128},"usages":["67958163"]},{"id":"user-image-1923506.png","fileName":"1923506.png","name":"1923506","publicUrl":"https://assets.nicepagecdn.com/699b151d/6397581/images/1923506.png","size":2927,"hash":"cUbG7iRx1upbJnVkiEtTzUo5z4E=","width":128,"height":128,"folderId":null,"thumbnail":{"url":"https://assets.nicepagecdn.com/699b151d/6397581/images/1923506.png","width":128,"height":128},"usages":[]},{"id":"user-image-4841086.png","fileName":"4841086.png","name":"4841086","publicUrl":"https://assets.nicepagecdn.com/699b151d/6397581/images/4841086.png","size":3734,"hash":"SCUHQidlaPwV+VTqCJUjuWTHp4M=","width":128,"height":128,"folderId":null,"thumbnail":{"url":"https://assets.nicepagecdn.com/699b151d/6397581/images/4841086.png","width":128,"height":128},"usages":[]},{"id":"user-image-2438078.png","fileName":"2438078.png","name":"2438078","publicUrl":"https://assets.nicepagecdn.com/699b151d/6397581/images/2438078.png","size":2790,"hash":"IUYIqtSSOyGhcCc4/kFzykQQ60E=","width":128,"height":128,"folderId":null,"thumbnail":{"url":"https://assets.nicepagecdn.com/699b151d/6397581/images/2438078.png","width":128,"height":128},"usages":["67958163"]},{"id":"user-image-7252607.png","fileName":"7252607.png","name":"7252607","publicUrl":"https://assets.nicepagecdn.com/699b151d/6397581/images/7252607.png","size":1848,"hash":"JQn87yrW5ozEygWWAQBAPulq4/g=","width":128,"height":128,"folderId":null,"thumbnail":{"url":"https://assets.nicepagecdn.com/699b151d/6397581/images/7252607.png","width":128,"height":128},"usages":["67958163"]},{"id":"user-image-8637841.png","fileName":"8637841.png","name":"8637841","publicUrl":"https://assets.nicepagecdn.com/699b151d/6397581/images/8637841.png","size":4390,"hash":"WkrxZxKNitHpVkQHiajXnAxTw9Y=","width":128,"height":128,"folderId":null,"thumbnail":{"url":"https://assets.nicepagecdn.com/699b151d/6397581/images/8637841.png","width":128,"height":128},"usages":["67958163"]},{"id":"user-image-1975672.png","fileName":"1975672.png","name":"1975672","publicUrl":"https://assets.nicepagecdn.com/699b151d/6397581/images/1975672.png","size":2017,"hash":"ve5SAlABeUvEUd0qjTs06E/Kdh8=","width":128,"height":128,"folderId":null,"thumbnail":{"url":"https://assets.nicepagecdn.com/699b151d/6397581/images/1975672.png","width":128,"height":128},"usages":["67958163"]},{"id":"user-image-3820269.png","fileName":"3820269.png","name":"3820269","publicUrl":"https://assets.nicepagecdn.com/699b151d/6397581/images/3820269.png","size":2874,"hash":"soxfyWaC+tHPrJYKqZnxUP1MEIw=","width":128,"height":128,"folderId":null,"thumbnail":{"url":"https://assets.nicepagecdn.com/699b151d/6397581/images/3820269.png","width":128,"height":128},"usages":["4228395"]},{"id":"user-image-Screenshot_4.png","fileName":"Screenshot_4.png","name":"Screenshot_4","publicUrl":"https://assets.nicepagecdn.com/699b151d/6397581/images/Screenshot_4.png","size":8864,"hash":"k2OX5OAaAZVNVTZbd4K7Qtq0okc=","width":171,"height":105,"folderId":null,"thumbnail":{"url":"https://assets.nicepagecdn.com/699b151d/6397581/images/Screenshot_4.png","width":171,"height":105},"usages":[]},{"id":"user-image-backup.jpg","fileName":"backup.jpg","name":"backup","publicUrl":"https://assets.nicepagecdn.com/699b151d/6397581/images/backup.jpg","size":792626,"hash":"DSM+E8dxAgzlxk3RyLA9h4zszcs=","width":1600,"height":606,"folderId":null,"thumbnail":{"url":"https://assets.nicepagecdn.com/699b151d/6397581/images/thumbnails/backup.jpg","width":150,"height":57},"usages":["41264369"]},{"id":"user-image-acesso_remoto.jpg","fileName":"acesso_remoto.jpg","name":"acesso_remoto","publicUrl":"https://assets.nicepagecdn.com/699b151d/6397581/images/acesso_remoto.jpg","size":987317,"hash":"rK/QlmlGwzF/NCssVRMXBqEHAV8=","width":1500,"height":1000,"folderId":null,"thumbnail":{"url":"https://assets.nicepagecdn.com/699b151d/6397581/images/thumbnails/acesso_remoto.jpg","width":150,"height":100},"usages":["41264369"]},{"id":"user-image-nas.png","fileName":"nas.png","name":"nas","publicUrl":"https://assets.nicepagecdn.com/699b151d/6397581/images/nas.png","size":1722931,"hash":"r6KPI1AxmLuYbDqtVMQgm21+6DE=","width":1920,"height":1282,"folderId":null,"thumbnail":{"url":"https://assets.nicepagecdn.com/699b151d/6397581/images/thumbnails/nas.png","width":150,"height":100},"usages":["41264369"]},{"id":"user-image-JSwallpaper.jpg","fileName":"JSwallpaper.jpg","name":"JSwallpaper","publicUrl":"https://assets.nicepagecdn.com/699b151d/6397581/images/JSwallpaper.jpg","size":98846,"hash":"7v7qqtaqmK8+c1K6fwJceX8PJiQ=","width":1701,"height":945,"folderId":null,"thumbnail":{"url":"https://assets.nicepagecdn.com/699b151d/6397581/images/thumbnails/JSwallpaper.jpg","width":150,"height":83},"usages":["41264369"]},{"id":"user-image-Screenshot_2.png","fileName":"Screenshot_2.png","name":"Screenshot_2","publicUrl":"https://assets.nicepagecdn.com/699b151d/6397581/images/Screenshot_2.png","size":9432,"hash":"zEwVXE2WN4EfMi0x65/uEDDk3Js=","width":206,"height":93,"folderId":null,"thumbnail":{"url":"https://assets.nicepagecdn.com/699b151d/6397581/images/Screenshot_2.png","width":206,"height":93},"usages":[]}]