[{"id":809305177,"title":"Blog Template","order":1,"templateKey":"blog","customTemplate":false,"customTemplateFilename":null,"pageLinks":[],"dateCreated":"2024-11-28T23:46:02.190Z","dateUpdated":"2024-11-28T23:46:13.480Z","folderId":null,"pageName":"Blog Template","sectionCount":1,"status":2},{"id":325413050,"title":"Post Template","order":2,"templateKey":"post","customTemplate":false,"customTemplateFilename":null,"pageLinks":[],"dateCreated":"2024-11-28T23:46:02.286Z","dateUpdated":"2024-11-28T23:46:13.480Z","folderId":null,"pageName":"Post Template","sectionCount":1,"status":2},{"id":635118799,"title":"Product List Template","order":3,"templateKey":"products","customTemplate":false,"customTemplateFilename":null,"pageLinks":[],"dateCreated":"2024-11-28T23:46:02.423Z","dateUpdated":"2024-11-28T23:46:13.480Z","folderId":null,"pageName":"Product List Template","sectionCount":1,"status":2},{"id":272021769,"title":"Product Details Template","order":4,"templateKey":"product","customTemplate":false,"customTemplateFilename":null,"pageLinks":[],"dateCreated":"2024-11-28T23:46:02.548Z","dateUpdated":"2024-11-28T23:46:13.480Z","folderId":null,"pageName":"Product Details Template","sectionCount":1,"status":2},{"id":263418592,"title":"Shopping Cart Template","order":5,"templateKey":"cart","customTemplate":false,"customTemplateFilename":null,"pageLinks":[],"dateCreated":"2024-11-28T23:46:02.651Z","dateUpdated":"2024-11-28T23:46:13.480Z","folderId":null,"pageName":"Shopping Cart Template","sectionCount":1,"status":2},{"id":382719118,"title":"Login Template","order":7,"templateKey":"login","customTemplate":false,"customTemplateFilename":null,"pageLinks":[],"dateCreated":"2024-11-28T23:46:02.792Z","dateUpdated":"2024-11-28T23:46:13.480Z","folderId":null,"pageName":"Login Template","sectionCount":1,"status":2},{"id":22457294,"title":"Search Template","order":8,"templateKey":"Search","customTemplate":false,"customTemplateFilename":null,"pageLinks":[],"dateCreated":"2024-11-28T23:46:02.855Z","dateUpdated":"2024-11-28T23:46:13.481Z","folderId":null,"pageName":"Search Template","sectionCount":1,"status":2},{"id":514403173,"title":"Password Template","order":9,"templateKey":"password","customTemplate":false,"customTemplateFilename":null,"pageLinks":[],"dateCreated":"2024-11-28T23:46:02.929Z","dateUpdated":"2024-11-28T23:46:13.481Z","folderId":null,"pageName":"Password Template","sectionCount":1,"status":2},{"id":80043159,"title":"404 Not Found Template","order":10,"templateKey":"404","customTemplate":false,"customTemplateFilename":null,"pageLinks":[],"dateCreated":"2024-11-28T23:46:02.991Z","dateUpdated":"2024-11-28T23:46:13.481Z","folderId":null,"pageName":"404 Not Found Template","sectionCount":1,"status":2},{"id":95380550,"title":"Thank You Template","order":11,"templateKey":"ThankYou","customTemplate":false,"customTemplateFilename":null,"pageLinks":[],"dateCreated":"2024-11-28T23:46:03.041Z","dateUpdated":"2024-11-28T23:46:13.481Z","folderId":null,"pageName":"Thank You Template","sectionCount":1,"status":2},{"id":41264369,"title":"Página Inicial","order":50,"templateKey":null,"customTemplate":false,"customTemplateFilename":null,"pageLinks":["41264369","67958163","895027001","4228395"],"dateCreated":"2024-11-28T23:46:36.480Z","dateUpdated":"2024-11-29T03:37:24.309Z","folderId":null,"pageName":"Página Inicial_41264369","sectionCount":3,"status":2},{"id":4228395,"title":"Contato","order":101,"templateKey":null,"customTemplate":false,"customTemplateFilename":null,"pageLinks":["41264369","67958163","895027001","4228395"],"dateCreated":"2024-11-28T23:46:03.282Z","dateUpdated":"2024-11-29T03:25:26.152Z","folderId":null,"pageName":"Contato_4228395","sectionCount":1,"status":2},{"id":67958163,"title":"Recursos","order":102,"templateKey":null,"customTemplate":false,"customTemplateFilename":null,"pageLinks":["41264369","67958163","895027001","4228395"],"dateCreated":"2024-11-29T01:50:55.734Z","dateUpdated":"2024-11-29T04:12:09.813Z","folderId":null,"pageName":"Recursos_67958163","sectionCount":2,"status":2},{"id":895027001,"title":"Perguntas Frequentes","order":103,"templateKey":null,"customTemplate":false,"customTemplateFilename":null,"pageLinks":["4228395","41264369","67958163","895027001"],"dateCreated":"2024-11-29T01:51:04.663Z","dateUpdated":"2024-11-29T04:28:40.661Z","folderId":null,"pageName":"Perguntas Frequentes_895027001","sectionCount":1,"status":2}]